method,method_short,scene,mode,run,partial,missing,status,target_reached,n_entries,best_psnr,best_psnr_iteration,process_wall_time_s,peak_vram_mb,model_storage_mb,full_folder_mb,target_eval_loss,max_iterations,batch_size,iteration_offset,eval_every_n_iters,eval_every_n_seconds,final_iteration,final_total_iterations,final_training_time_s,final_wall_time_s,final_benchmark_overhead_s,final_psnr,final_ssim,final_lpips,final_eval_l1_loss,final_num_gaussians,final_images_seen,best_psnr_iter,best_psnr_time_s,best_psnr_ngauss,best_ssim,best_ssim_iter,best_ssim_time_s,best_ssim_ngauss,best_lpips,best_lpips_iter,best_lpips_time_s,best_lpips_ngauss,best_eval_l1_loss,best_eval_l1_loss_iter,best_eval_l1_loss_time_s,best_eval_l1_loss_ngauss,fc_iteration,fc_total_iterations,fc_training_time_s,fc_wall_time_s,fc_images_seen,fc_psnr,fc_ssim,fc_lpips,fc_eval_l1_loss,fc_num_gaussians
4DGaussians (Wu et al.),4DGaussians,bouncingballs,iterations,bouncingballs_iters27000,False,False,finished,False,28,37.11958723068237,19000.0,2461.805992603302,1805.0,,,0.02,27000,1,3000,1000,300.0,27000.0,30000.0,2284.2402787208557,2413.270404100418,129.03012537956238,37.0787992477417,0.9914388328790664,0.016036802250891925,0.0029318599204998463,120372.0,30000.0,19000.0,1557.752457857132,120372.0,0.9915353298187256,25000.0,2105.347707748413,120372.0,0.015852726344019175,25000.0,2105.347707748413,120372.0,0.0028427215409465136,13000.0,996.1869690418243,114287.0,,,,,,,,,,
4DGaussians (Wu et al.),4DGaussians,bouncingballs,target_eval_loss,bouncingballs_loss0p005083,False,False,stopped_on_target,True,7,32.364567852020265,3078.0,288.4419846534729,1585.0,24.2821,26.028,0.005083,27000,1,3000,1000,30.0,3078.0,6078.0,224.50842809677124,258.09422874450684,33.585800647735596,32.364567852020265,0.9830032348632812,0.03138736747205258,0.0048501438810490075,48071.0,6078.0,3078.0,224.50842809677124,48071.0,0.9830032348632812,3078.0,224.50842809677124,48071.0,0.029538901522755623,2576.0,194.5018916130066,43507.0,0.0048501438810490075,3078.0,224.50842809677124,48071.0,2576.0,5576.0,194.5018916130066,224.0137665271759,5576.0,31.336841297149657,0.981890007853508,0.029538901522755623,0.004857899527996779,43507.0
4DGaussians (Wu et al.),4DGaussians,hellwarrior,iterations,hellwarrior_iters27000,False,False,finished,False,28,38.65237560272217,27000.0,899.5082948207855,1579.0,12.8718,18.5908,0.0,27000,1,3000,1000,30.0,27000.0,30000.0,756.209963798523,873.6707942485809,117.46083045005798,38.65237560272217,0.9762926816940307,0.050369065068662164,0.0025807462516240776,7259.0,30000.0,27000.0,756.209963798523,7259.0,0.9762926816940307,27000.0,756.209963798523,7259.0,0.050369065068662164,27000.0,756.209963798523,7259.0,0.0025807462516240776,27000.0,756.209963798523,7259.0,,,,,,,,,,
4DGaussians (Wu et al.),4DGaussians,hellwarrior,target_eval_loss,hellwarrior_loss0p005358,False,False,stopped_on_target,True,3,34.97339515686035,2053.0,124.71318554878235,1547.0,12.4428,13.4696,0.005358,27000,1,3000,1000,30.0,2053.0,5053.0,91.01702332496643,100.26876902580261,9.251745700836182,34.97339515686035,0.9553779333829879,0.09066641740500928,0.004382774222176522,5445.0,5053.0,2053.0,91.01702332496643,5445.0,0.9553779333829879,2053.0,91.01702332496643,5445.0,0.09066641740500928,2053.0,91.01702332496643,5445.0,0.004382774222176522,2053.0,91.01702332496643,5445.0,1019.0,4019.0,61.01320958137512,66.43042731285095,4019.0,33.36820201873779,0.9468143850564956,0.10155987106263638,0.005336882080882788,4741.0
4DGaussians (Wu et al.),4DGaussians,hook,iterations,hook_iters27000,False,False,finished,False,28,33.91882658004761,27000.0,1035.402200460434,1599.0,17.9965,23.9841,0.0,27000,1,3000,1000,30.0,27000.0,30000.0,890.8171164989471,1010.5407452583313,119.72362875938416,33.91882658004761,0.9731002032756806,0.0331421485170722,0.00430297675775364,28927.0,30000.0,27000.0,890.8171164989471,28927.0,0.9731002032756806,27000.0,890.8171164989471,28927.0,0.0331421485170722,27000.0,890.8171164989471,28927.0,0.00430297675775364,27000.0,890.8171164989471,28927.0,,,,,,,,,,
4DGaussians (Wu et al.),4DGaussians,hook,target_eval_loss,hook_loss0p006253,False,False,stopped_on_target,True,7,31.546618938446045,5740.0,263.7579607963562,1593.0,17.0722,19.0274,0.006253,27000,1,3000,1000,30.0,5740.0,8740.0,214.0936198234558,238.87751293182373,24.78389310836792,31.546618938446045,0.9606584072113037,0.050995238684117795,0.005720830603968352,25019.0,8740.0,5740.0,214.0936198234558,25019.0,0.9606584072113037,5740.0,214.0936198234558,25019.0,0.050995238684117795,5740.0,214.0936198234558,25019.0,0.005720830603968352,5740.0,214.0936198234558,25019.0,4791.0,7791.0,184.07850909233093,204.97844743728638,7791.0,31.14668998718262,0.9573415845632554,0.055846394039690495,0.0061235305038280785,23491.0
4DGaussians (Wu et al.),4DGaussians,jumpingjacks,iterations,jumpingjacks_iters27000,False,False,finished,False,28,36.00020179748535,27000.0,997.5620229244232,1613.0,19.7658,25.6618,0.0,27000,1,3000,1000,30.0,27000.0,30000.0,852.0911548137665,963.7882697582245,111.69711494445801,36.00020179748535,0.9855110973119736,0.019346951402258127,0.002414521705941297,21543.0,30000.0,27000.0,852.0911548137665,21543.0,0.9855110973119736,27000.0,852.0911548137665,21543.0,0.019346951402258127,27000.0,852.0911548137665,21543.0,0.0024142859474522993,25000.0,791.7369301319122,21543.0,,,,,,,,,,
4DGaussians (Wu et al.),4DGaussians,jumpingjacks,target_eval_loss,jumpingjacks_loss0p00461,False,False,stopped_on_target,True,7,32.12856311798096,6104.0,269.547162771225,1611.0,19.3914,21.3515,0.00461,27000,1,3000,1000,30.0,6104.0,9104.0,213.63079500198364,238.34123516082764,24.710440158843994,32.12856311798096,0.9746199786663056,0.036557106953114274,0.003974720934638754,19960.0,9104.0,6104.0,213.63079500198364,19960.0,0.9746199786663056,6104.0,213.63079500198364,19960.0,0.036557106953114274,6104.0,213.63079500198364,19960.0,0.003974720934638754,6104.0,213.63079500198364,19960.0,5091.0,8091.0,183.6117651462555,204.4783992767334,8091.0,31.00150442123413,0.9713394731283188,0.03956993212923408,0.004438710288377478,19145.0
4DGaussians (Wu et al.),4DGaussians,lego,iterations,lego_iters27000,False,False,finished,False,28,24.943559074401854,6000.0,1732.028739452362,1685.0,30.5382,37.2754,0.0,27000,1,3000,1000,30.0,27000.0,30000.0,1590.7019324302673,1707.9769773483276,117.2750449180603,24.815858936309816,0.9360281139612198,0.060461390390992166,0.013059167843312024,89387.0,30000.0,6000.0,325.26494455337524,72763.0,0.9364751160144806,15000.0,863.3998599052429,89387.0,0.060461390390992166,27000.0,1590.7019324302673,89387.0,0.012825168156996369,10000.0,558.147528886795,85597.0,,,,,,,,,,
4DGaussians (Wu et al.),4DGaussians,lego,target_eval_loss,lego_loss0p013466,False,False,stopped_on_target,True,11,24.876537990570068,6331.0,402.8512086868286,1675.0,26.7722,29.4379,0.013466,27000,1,3000,1000,30.0,6331.0,9331.0,337.972980260849,381.04442596435547,43.07144570350647,24.876537990570068,0.9314864307641983,0.07181940302252769,0.013216367363929749,73464.0,9331.0,6331.0,337.972980260849,73464.0,0.9314864307641983,6331.0,337.972980260849,73464.0,0.07181940302252769,6331.0,337.972980260849,73464.0,0.013216367363929749,6331.0,337.972980260849,73464.0,5781.0,8781.0,307.96152424812317,346.9353642463684,8781.0,24.807134056091307,0.9305237203836441,0.07254946604371071,0.013415028946474195,70642.0
4DGaussians (Wu et al.),4DGaussians,mutant,iterations,mutant_iters27000,False,False,finished,False,28,38.83313522338867,27000.0,1050.6668543815613,1609.0,20.0462,26.0491,0.0,27000,1,3000,1000,30.0,27000.0,30000.0,908.7863159179688,1020.2239651679993,111.43764925003052,38.83313522338867,0.9858533352613449,0.02092313803732395,0.0024101620248984544,30161.0,30000.0,27000.0,908.7863159179688,30161.0,0.98587626516819,26000.0,876.5812001228333,30161.0,0.02092313803732395,27000.0,908.7863159179688,30161.0,0.0024098250141832978,26000.0,876.5812001228333,30161.0,,,,,,,,,,
4DGaussians (Wu et al.),4DGaussians,mutant,target_eval_loss,mutant_loss0p003106,False,False,stopped_on_target,True,11,36.881244850158694,9716.0,402.4750897884369,1605.0,19.6661,22.4045,0.003106,27000,1,3000,1000,30.0,9716.0,12716.0,334.07384061813354,374.59096002578735,40.51711940765381,36.881244850158694,0.9814314931631088,0.02610656162723899,0.0029399681196082385,28554.0,12716.0,9716.0,334.07384061813354,28554.0,0.9814314931631088,9716.0,334.07384061813354,28554.0,0.02610656162723899,9716.0,334.07384061813354,28554.0,0.0029399681196082385,9716.0,334.07384061813354,28554.0,8805.0,11805.0,304.0476999282837,340.62616777420044,11805.0,36.38842134475708,0.9802903324365616,0.027228067722171546,0.003065851074643433,28176.0
4DGaussians (Wu et al.),4DGaussians,standup,iterations,standup_iters27000,False,False,finished,False,28,40.532894134521484,27000.0,935.2148416042328,1603.0,16.2719,22.0771,0.0,27000,1,3000,1000,30.0,27000.0,30000.0,795.752632856369,906.9606113433838,111.20797848701477,40.532894134521484,0.9893907159566879,0.016130980895832182,0.0016326091135852039,14203.0,30000.0,27000.0,795.752632856369,14203.0,0.9893907159566879,27000.0,795.752632856369,14203.0,0.016130980895832182,27000.0,795.752632856369,14203.0,0.0016326091135852039,27000.0,795.752632856369,14203.0,,,,,,,,,,
4DGaussians (Wu et al.),4DGaussians,standup,target_eval_loss,standup_loss0p002168,False,False,stopped_on_target,True,11,38.39200611114502,10428.0,401.06197214126587,1585.0,16.1568,18.8436,0.002168,27000,1,3000,1000,30.0,10428.0,13428.0,333.6206338405609,373.54711866378784,39.92648482322693,38.39200611114502,0.98617282807827,0.02096493816934526,0.001980033697327599,13716.0,13428.0,10428.0,333.6206338405609,13716.0,0.98617282807827,10428.0,333.6206338405609,13716.0,0.02096493816934526,10428.0,333.6206338405609,13716.0,0.001980033697327599,10428.0,333.6206338405609,13716.0,9382.0,12382.0,303.6101622581482,339.65472054481506,12382.0,37.713685035705566,0.984866201877594,0.022763665951788425,0.00213438558857888,13568.0
4DGaussians (Wu et al.),4DGaussians,trex,iterations,trex_iters27000,False,False,finished,False,28,33.40387020111084,27000.0,1475.6403799057007,1735.0,31.7254,38.2484,0.0,27000,1,3000,1000,30.0,27000.0,30000.0,1328.4740025997162,1442.2174000740051,113.74339747428894,33.40387020111084,0.9850053906440734,0.02036939519457519,0.003806001809425652,72110.0,30000.0,27000.0,1328.4740025997162,72110.0,0.9850053906440734,27000.0,1328.4740025997162,72110.0,0.02036939519457519,27000.0,1328.4740025997162,72110.0,0.0038031894946470857,24000.0,1173.6242423057556,72110.0,,,,,,,,,,
4DGaussians (Wu et al.),4DGaussians,trex,target_eval_loss,trex_loss0p005793,False,False,stopped_on_target,True,10,30.112404823303223,7033.0,374.9275743961334,1649.0,28.2593,30.857,0.005793,27000,1,3000,1000,30.0,7033.0,10033.0,305.989972114563,342.9658725261688,36.975900411605835,30.112404823303223,0.9749471783638001,0.031777026038616894,0.0054689519573003055,57455.0,10033.0,7033.0,305.989972114563,57455.0,0.9749471783638001,7033.0,305.989972114563,57455.0,0.031777026038616894,7033.0,305.989972114563,57455.0,0.0054689519573003055,7033.0,305.989972114563,57455.0,6368.0,9368.0,275.9619038105011,308.8777494430542,9368.0,29.92449140548706,0.9739668607711792,0.03374772239476442,0.005578108422923833,54157.0
4DGS native-4D (fudan-zvg),4DGS-fudan,bouncingballs,iterations,bouncingballs_iters30000,False,False,finished,False,31,33.2451189994812,16000.0,3628.22523522377,1685.0,,,0.02,30000,2,0,1000,300.0,30000.0,30000.0,3462.619880437851,3591.0095131397247,128.38963270187378,33.05039329528809,0.9834076225757599,0.029445787006989122,0.0049384054145775735,126958.0,60000.0,16000.0,1830.0744676589966,126958.0,0.9840422093868255,13000.0,1461.1402118206024,126958.0,0.02884350512176752,14000.0,1584.822811126709,126958.0,0.004840966581832617,18000.0,2073.073882818222,126958.0,,,,,,,,,,
4DGS native-4D (fudan-zvg),4DGS-fudan,bouncingballs,target_eval_loss,bouncingballs_loss0p005083,False,False,stopped_on_target,True,39,32.95637502670288,9896.0,1349.5538141727448,1771.0,77.0386,483.2027,0.005083,30000,2,0,1000,30.0,10141.0,10141.0,1142.3722932338715,1314.4550325870514,172.08273935317993,32.91668329238892,0.9838807076215744,0.02985876575112343,0.005067770567256958,125436.0,20282.0,9896.0,1112.3409216403961,125436.0,0.9838931649923325,9896.0,1112.3409216403961,125436.0,0.02985876575112343,10141.0,1142.3722932338715,125436.0,0.005038609250914305,9896.0,1112.3409216403961,125436.0,8916.0,8916.0,992.0904884338379,1141.359799861908,17832.0,32.80524339675903,0.9836497336626053,0.030716884462162853,0.0050820823758840564,119062.0
4DGS native-4D (fudan-zvg),4DGS-fudan,hellwarrior,iterations,hellwarrior_iters30000,False,False,finished,False,31,33.93004302978515,10000.0,2487.4043452739716,2539.0,146.7354,1253.2221,0.0,30000,1,0,1000,30.0,30000.0,30000.0,2186.04620718956,2320.7418053150177,134.69559812545776,33.711670875549316,0.9512358546257019,0.06988745909184217,0.005216945533175021,410118.0,30000.0,10000.0,516.0188376903534,238918.0,0.9544995129108429,8000.0,384.6724421977997,190609.0,0.0698848657310009,29000.0,2099.318328142166,410118.0,0.005103094875812531,10000.0,516.0188376903534,238918.0,,,,,,,,,,
4DGS native-4D (fudan-zvg),4DGS-fudan,hellwarrior,target_eval_loss,hellwarrior_loss0p005358,False,False,stopped_on_target,True,12,33.88154420852661,5983.0,559.4795987606049,1645.0,73.746,458.1721,0.005358,30000,1,0,1000,30.0,6545.0,6545.0,330.26595520973206,387.7693808078766,57.50342559814453,33.71695404052734,0.953313997387886,0.08434499520808458,0.0052207679953426124,120075.0,6545.0,5983.0,300.24291253089905,123855.0,0.9545136839151382,5983.0,300.24291253089905,123855.0,0.08434499520808458,6545.0,330.26595520973206,120075.0,0.0050983758410438895,5983.0,300.24291253089905,123855.0,4836.0,4836.0,240.21802353858948,284.40300488471985,4836.0,33.66022806167602,0.9532923817634582,0.08901002928614617,0.005244447477161884,80189.0
4DGS native-4D (fudan-zvg),4DGS-fudan,hook,iterations,hook_iters30000,False,False,finished,False,31,31.896457290649415,5000.0,10478.963416337967,2587.0,108.5072,1055.8151,0.0,30000,8,0,1000,30.0,30000.0,30000.0,10312.756108522415,10443.763545751572,131.0074372291565,30.640374755859376,0.9525135338306427,0.04652206934988499,0.006916773447301239,364230.0,240000.0,5000.0,1474.2587130069733,176674.0,0.9608218938112258,4000.0,1181.098138809204,141089.0,0.0428068052046001,10000.0,3107.3367400169373,283758.0,0.0059557125088758765,4000.0,1181.098138809204,141089.0,,,,,,,,,,
4DGS native-4D (fudan-zvg),4DGS-fudan,hook,target_eval_loss,hook_loss0p006253,False,False,stopped_on_target,True,31,31.566451740264892,2994.0,1239.1535613536835,2385.0,66.9662,416.8517,0.006253,30000,8,0,1000,30.0,2994.0,2994.0,905.5837428569794,1065.206959247589,159.62321639060974,31.566451740264892,0.9592937231063843,0.04964578468352556,0.006198110152035951,109036.0,23952.0,2994.0,905.5837428569794,109036.0,0.9592937231063843,2994.0,905.5837428569794,109036.0,0.04964578468352556,2994.0,905.5837428569794,109036.0,0.006198110152035951,2994.0,905.5837428569794,109036.0,2883.0,2883.0,875.3969252109528,1030.5758447647095,23064.0,31.51965789794922,0.9589796423912048,0.05004305243492126,0.00623737252317369,104829.0
4DGS native-4D (fudan-zvg),4DGS-fudan,jumpingjacks,iterations,jumpingjacks_iters30000_partial,True,False,finished,False,16,32.24644212722778,5000.0,,,,,0.0,30000,16,0,1000,30.0,15000.0,15000.0,11584.134071111679,11666.678380966187,82.54430985450745,30.109956550598145,0.9644627422094345,0.03739812429994345,0.005770574073540047,976051.0,240000.0,5000.0,2809.365578889847,316172.0,0.9716948211193085,4000.0,2202.3901908397675,228100.0,0.03383862525224686,7000.0,4202.048895120621,461847.0,0.004390893346862867,4000.0,2202.3901908397675,228100.0,,,,,,,,,,
4DGS native-4D (fudan-zvg),4DGS-fudan,jumpingjacks,target_eval_loss,jumpingjacks_loss0p00461,False,False,stopped_on_target,True,52,31.790664768218996,2773.0,2067.3909101486206,2563.0,87.5076,541.0834,0.00461,30000,16,0,1000,30.0,2834.0,2834.0,1549.3596498966217,2004.6624825000763,455.3028326034546,31.755555438995362,0.9703658431768417,0.03985655074939132,0.004600487975403666,142482.0,45344.0,2773.0,1519.1218283176422,133541.0,0.9705079078674317,2773.0,1519.1218283176422,133541.0,0.03960571447387338,2773.0,1519.1218283176422,133541.0,0.004587636241922155,2773.0,1519.1218283176422,133541.0,2773.0,2773.0,1519.1218283176422,1962.9986324310303,44368.0,31.790664768218996,0.9705079078674317,0.03960571447387338,0.004587636241922155,133541.0
4DGS native-4D (fudan-zvg),4DGS-fudan,lego,iterations,lego_iters30000,False,True,finished,False,0,,,150.7603633403778,953.0,0.0003,2.5986,0.0,30000,2,0,1000,30.0,,,,,,,,,,,,,,,,,,,,,,,,,,,,,,,,,,,,
4DGS native-4D (fudan-zvg),4DGS-fudan,mutant,iterations,mutant_iters30000,False,False,finished,False,31,37.07371587753296,11000.0,9216.862914562225,2287.0,98.0584,674.1131,0.0,30000,8,0,1000,30.0,30000.0,30000.0,9039.071042060852,9176.756750106812,137.68570804595947,36.50708694458008,0.9818141996860504,0.017947762832045557,0.0032005347718950363,175706.0,240000.0,11000.0,3231.5503923892975,159661.0,0.9838180929422379,11000.0,3231.5503923892975,159661.0,0.017513675196096302,14000.0,4148.982025146484,171423.0,0.0029577590932603924,11000.0,3231.5503923892975,159661.0,,,,,,,,,,
4DGS native-4D (fudan-zvg),4DGS-fudan,mutant,target_eval_loss,mutant_loss0p003106,False,False,stopped_on_target,True,49,36.58916454315185,5191.0,1900.9181289672852,2437.0,72.358,452.4991,0.003106,30000,8,0,1000,30.0,5191.0,5191.0,1447.8093192577362,1736.5197594165802,288.710440158844,36.58916454315185,0.983137634396553,0.021076340321451427,0.003056271222885698,117815.0,41528.0,5191.0,1447.8093192577362,117815.0,0.983137634396553,5191.0,1447.8093192577362,117815.0,0.021076340321451427,5191.0,1447.8093192577362,117815.0,0.003056271222885698,5191.0,1447.8093192577362,117815.0,5083.0,5083.0,1417.6843492984772,1701.8248670101166,40664.0,36.44169969558716,0.9827915906906128,0.021439136238768697,0.0030909855966456236,116419.0
4DGS native-4D (fudan-zvg),4DGS-fudan,standup,iterations,standup_iters30000,False,False,finished,False,31,38.46521148681641,10000.0,9206.58942270279,2243.0,105.4493,777.4066,0.0,30000,8,0,1000,30.0,30000.0,30000.0,8895.630875110626,9033.190517425537,137.5596423149109,37.61511039733887,0.9839942395687103,0.016511994297616184,0.002274265344021842,219169.0,240000.0,10000.0,2777.4851763248444,171695.0,0.9863893657922744,7000.0,1911.8381502628326,135098.0,0.015616204217076301,14000.0,3996.97460436821,209328.0,0.0020651724655181168,10000.0,2777.4851763248444,171695.0,,,,,,,,,,
4DGS native-4D (fudan-zvg),4DGS-fudan,standup,target_eval_loss,standup_loss0p002168,False,False,stopped_on_target,True,44,37.94307231903076,4690.0,1558.141479730606,2437.0,60.0053,377.1477,0.002168,30000,8,0,1000,30.0,4690.0,4690.0,1296.0473341941833,1518.7996337413788,222.75229954719543,37.94307231903076,0.9858632296323776,0.01926171253435314,0.0021366308676078914,97702.0,37520.0,4690.0,1296.0473341941833,97702.0,0.9858632296323776,4690.0,1296.0473341941833,97702.0,0.01926171253435314,4690.0,1296.0473341941833,97702.0,0.0021366308676078914,4690.0,1296.0473341941833,97702.0,4574.0,4574.0,1265.7917494773865,1484.1224811077118,36592.0,37.76605033874512,0.9857092797756195,0.019513252098113297,0.0021526758733671158,95685.0
4DGS native-4D (fudan-zvg),4DGS-fudan,trex,iterations,trex_iters30000_partial,True,False,running,False,7,30.39183301925659,4000.0,,,,,0.0,30000,24,0,1000,30.0,6000.0,6000.0,6369.5396292209625,6423.234152793884,53.69452357292175,29.929743385314943,0.9764355599880219,0.025985975144430996,0.005816559318918735,844039.0,144000.0,4000.0,3752.826339483261,502073.0,0.9776804178953171,4000.0,3752.826339483261,502073.0,0.02564655849710107,5000.0,4974.880120754242,680514.0,0.005516828433610499,4000.0,3752.826339483261,502073.0,,,,,,,,,,
4DGS native-4D (fudan-zvg),4DGS-fudan,trex,target_eval_loss,trex_loss0p005793,False,False,stopped_on_target,True,91,30.359226608276366,3096.0,3618.0695350170135,2689.0,225.6054,1377.1416,0.005793,30000,24,0,1000,30.0,3096.0,3096.0,2746.7139959335327,3434.5593044757843,687.8453085422516,30.359226608276366,0.9770933777093888,0.027656340412795542,0.005622362811118364,367336.0,74304.0,3096.0,2746.7139959335327,367336.0,0.9770933777093888,3096.0,2746.7139959335327,367336.0,0.027656340412795542,3096.0,2746.7139959335327,367336.0,0.005622362811118364,3096.0,2746.7139959335327,367336.0,3065.0,3065.0,2716.1795608997345,3387.5430994033813,73560.0,30.292769718170167,0.9766714036464691,0.028224657569080592,0.005736992973834276,367336.0
Deformable-3DGS (Yang et al.),Deformable-3DGS,bouncingballs,iterations,bouncingballs_iters30000,False,False,finished,False,31,40.65760498046875,28000.0,3233.2903413772583,3515.0,,,0.02,30000,1,0,1000,300.0,30000.0,30000.0,3055.3847041130066,3200.6866371631622,145.30193305015564,40.6409517288208,0.9957213282585144,0.008993759844452142,0.0020696708001196385,67011.0,30000.0,28000.0,2824.310201883316,67011.0,0.9957667112350463,29000.0,2939.813441991806,67011.0,0.008993759844452142,30000.0,3055.3847041130066,67011.0,0.0020631009130738674,29000.0,2939.813441991806,67011.0,,,,,,,,,,
Deformable-3DGS (Yang et al.),Deformable-3DGS,bouncingballs,target_eval_loss,bouncingballs_loss0p005083,False,False,stopped_on_target,True,11,32.14067888259888,5636.0,382.77004647254944,3515.0,12.2945,15.9681,0.005083,30000,1,0,1000,30.0,5991.0,5991.0,300.2661392688751,352.00610637664795,51.73996710777283,31.42466297149658,0.9844507604837418,0.027333145961165428,0.0047838018042966725,43521.0,5991.0,5636.0,270.238783121109,41239.0,0.9846430271863937,5636.0,270.238783121109,41239.0,0.027333145961165428,5991.0,300.2661392688751,43521.0,0.0047785414848476645,5636.0,270.238783121109,41239.0,5636.0,5636.0,270.238783121109,317.5725190639496,5636.0,32.14067888259888,0.9846430271863937,0.030790695734322072,0.0047785414848476645,41239.0
Deformable-3DGS (Yang et al.),Deformable-3DGS,hellwarrior,iterations,hellwarrior_iters30000,False,False,finished,False,31,41.06780471801758,29000.0,1276.4511632919312,3113.0,6.1929,14.0307,0.0,30000,1,0,1000,30.0,30000.0,30000.0,1132.601886510849,1254.448972940445,121.84708642959595,41.03799552917481,0.9863467425107956,0.027048795437440275,0.0018999871448613704,17723.0,30000.0,29000.0,1091.7201035022736,17723.0,0.9863709717988968,29000.0,1091.7201035022736,17723.0,0.027048795437440275,30000.0,1132.601886510849,17723.0,0.0018942582595627756,29000.0,1091.7201035022736,17723.0,,,,,,,,,,
Deformable-3DGS (Yang et al.),Deformable-3DGS,hellwarrior,target_eval_loss,hellwarrior_loss0p005358,False,False,stopped_on_target,True,6,35.054840660095216,5753.0,195.721120595932,3113.0,4.8976,8.5109,0.005358,30000,1,0,1000,30.0,5753.0,5753.0,150.0553605556488,173.0327591896057,22.97739863395691,35.054840660095216,0.9607116341590881,0.07710561007261277,0.00401893318630755,12246.0,5753.0,5753.0,150.0553605556488,12246.0,0.9607116341590881,5753.0,150.0553605556488,12246.0,0.07710561007261277,5753.0,150.0553605556488,12246.0,0.00401893318630755,5753.0,150.0553605556488,12246.0,4887.0,4887.0,120.01931071281433,139.009024143219,4887.0,34.423896408081056,0.9579458683729172,0.08507145345211028,0.004350359051022679,9454.0
Deformable-3DGS (Yang et al.),Deformable-3DGS,hook,iterations,hook_iters30000,False,False,finished,False,31,36.76893892288208,28000.0,2702.682200908661,2999.0,16.441,24.2787,0.0,30000,1,0,1000,30.0,30000.0,30000.0,2544.635057449341,2679.0876145362854,134.45255708694458,36.7601357460022,0.985181137919426,0.017201113887131213,0.003136735799489543,61053.0,30000.0,28000.0,2347.359231233597,61053.0,0.985181137919426,30000.0,2544.635057449341,61053.0,0.017201113887131213,30000.0,2544.635057449341,61053.0,0.0031197622301988304,28000.0,2347.359231233597,61053.0,,,,,,,,,,
Deformable-3DGS (Yang et al.),Deformable-3DGS,hook,target_eval_loss,hook_loss0p006253,False,False,stopped_on_target,True,19,31.415509510040284,7941.0,644.9933273792267,2999.0,15.3208,19.5974,0.006253,30000,1,0,1000,30.0,9595.0,9595.0,540.6536478996277,620.9286696910858,80.27502179145813,30.903350925445558,0.9615158051252365,0.040665567573159936,0.006179517565760762,56317.0,9595.0,7941.0,390.39779710769653,52186.0,0.964695593714714,7941.0,390.39779710769653,52186.0,0.040665567573159936,9595.0,540.6536478996277,56317.0,0.005723971442785114,7941.0,390.39779710769653,52186.0,7941.0,7941.0,390.39779710769653,448.23792338371277,7941.0,31.415509510040284,0.964695593714714,0.04447998115792871,0.005723971442785114,52186.0
Deformable-3DGS (Yang et al.),Deformable-3DGS,jumpingjacks,iterations,jumpingjacks_iters30000,False,False,finished,False,31,37.21092548370361,30000.0,1750.8845720291138,3695.0,9.4436,17.3193,0.0,30000,1,0,1000,30.0,30000.0,30000.0,1574.3018901348114,1707.365903377533,133.06401324272156,37.21092548370361,0.9889954626560211,0.014513738558162004,0.002151604164100718,31467.0,30000.0,30000.0,1574.3018901348114,31467.0,0.9889954626560211,30000.0,1574.3018901348114,31467.0,0.014513738558162004,30000.0,1574.3018901348114,31467.0,0.002151604164100718,30000.0,1574.3018901348114,31467.0,,,,,,,,,,
Deformable-3DGS (Yang et al.),Deformable-3DGS,jumpingjacks,target_eval_loss,jumpingjacks_loss0p00461,False,False,stopped_on_target,True,14,32.12286186218262,10098.0,476.9498314857483,3689.0,8.8293,13.2307,0.00461,30000,1,0,1000,30.0,10098.0,10098.0,390.2987174987793,447.25750613212585,56.95878863334656,32.12286186218262,0.9774862706661225,0.02869368437677622,0.0037638307287124915,28870.0,10098.0,10098.0,390.2987174987793,28870.0,0.9774862706661225,10098.0,390.2987174987793,28870.0,0.02869368437677622,10098.0,390.2987174987793,28870.0,0.0037638307287124915,10098.0,390.2987174987793,28870.0,9567.0,9567.0,360.26488733291626,413.0358290672302,9567.0,30.349819660186768,0.9743810325860978,0.031053513614460827,0.004554809030378237,28124.0
Deformable-3DGS (Yang et al.),Deformable-3DGS,lego,iterations,lego_iters30000,False,False,finished,False,31,25.063347816467285,14000.0,5309.267605304718,3881.0,32.3203,40.139,0.0,30000,1,0,1000,30.0,30000.0,30000.0,5126.987102031708,5285.129350423813,158.1422483921051,24.945990371704102,0.94393390417099,0.0442133067175746,0.012430626014247537,128193.0,30000.0,14000.0,2012.840142250061,127602.0,0.9450328141450882,18000.0,2792.2978122234344,128193.0,0.043859042786061765,18000.0,2792.2978122234344,128193.0,0.012147994386032224,15000.0,2207.399609565735,128193.0,,,,,,,,,,
Deformable-3DGS (Yang et al.),Deformable-3DGS,lego,target_eval_loss,lego_loss0p013466,False,False,stopped_on_target,True,21,25.024059295654297,6486.0,733.1789870262146,3249.0,27.8261,31.5791,0.013466,30000,1,0,1000,30.0,6672.0,6672.0,601.142329454422,706.0756666660309,104.93333721160889,24.94510736465454,0.9401717215776444,0.054606716893613336,0.013426337437704206,109191.0,6672.0,6486.0,571.0499124526978,107596.0,0.9411141365766525,6486.0,571.0499124526978,107596.0,0.054606716893613336,6672.0,601.142329454422,109191.0,0.013326258352026343,6486.0,571.0499124526978,107596.0,6486.0,6486.0,571.0499124526978,671.0095148086548,6486.0,25.024059295654297,0.9411141365766525,0.05529376063495874,0.013326258352026343,107596.0
Deformable-3DGS (Yang et al.),Deformable-3DGS,mutant,iterations,mutant_iters30000,False,False,finished,False,31,41.85855560302734,29000.0,3041.050560951233,3513.0,19.486,27.3428,0.0,30000,1,0,1000,30.0,30000.0,30000.0,2867.8273940086365,3008.7891459465027,140.9617519378662,41.847090339660646,0.9941027879714965,0.006975015765056014,0.0016569568280829117,73928.0,30000.0,29000.0,2759.4386625289917,73928.0,0.9941510200500489,29000.0,2759.4386625289917,73928.0,0.006975015765056014,30000.0,2867.8273940086365,73928.0,0.0016534362424863503,29000.0,2759.4386625289917,73928.0,,,,,,,,,,
Deformable-3DGS (Yang et al.),Deformable-3DGS,mutant,target_eval_loss,mutant_loss0p003106,False,False,stopped_on_target,True,26,36.45288534164429,10235.0,892.6540517807007,3513.0,19.5837,24.0364,0.003106,30000,1,0,1000,30.0,10505.0,10505.0,751.1251699924469,862.9413771629333,111.81620717048645,36.03418598175049,0.9859594374895095,0.015552967647090554,0.0028325021034106613,74341.0,10505.0,10235.0,721.0193474292755,73974.0,0.9859594374895095,10505.0,751.1251699924469,74341.0,0.015552967647090554,10505.0,751.1251699924469,74341.0,0.0028173384023830296,10235.0,721.0193474292755,73974.0,10235.0,10235.0,721.0193474292755,828.3262569904327,10235.0,36.45288534164429,0.9857606023550034,0.015927875973284246,0.0028173384023830296,73974.0
Deformable-3DGS (Yang et al.),Deformable-3DGS,standup,iterations,standup_iters30000,False,False,finished,False,31,43.438557624816895,30000.0,1560.6950860023499,3515.0,8.6349,16.4915,0.0,30000,1,0,1000,30.0,30000.0,30000.0,1403.4443521499634,1528.1124172210693,124.66806507110596,43.438557624816895,0.9940105170011521,0.008945937035605311,0.0012335288367467002,28048.0,30000.0,30000.0,1403.4443521499634,28048.0,0.9940105170011521,30000.0,1403.4443521499634,28048.0,0.008945937035605311,30000.0,1403.4443521499634,28048.0,0.0012335288367467002,30000.0,1403.4443521499634,28048.0,,,,,,,,,,
Deformable-3DGS (Yang et al.),Deformable-3DGS,standup,target_eval_loss,standup_loss0p002168,False,False,stopped_on_target,True,21,39.17211990356445,14494.0,710.0547885894775,3515.0,8.7253,13.8663,0.002168,30000,1,0,1000,30.0,14494.0,14494.0,600.4456169605255,682.9745328426361,82.5289158821106,39.17211990356445,0.9896876096725464,0.013744797836989165,0.0017834077356383205,28430.0,14494.0,14494.0,600.4456169605255,28430.0,0.9896876096725464,14494.0,600.4456169605255,28430.0,0.013744797836989165,14494.0,600.4456169605255,28430.0,0.0017834077356383205,14494.0,600.4456169605255,28430.0,12809.0,12809.0,510.33753752708435,580.6710867881775,12809.0,37.37243461608887,0.9865058362483978,0.0166865564417094,0.0021269967197440564,27738.0
Deformable-3DGS (Yang et al.),Deformable-3DGS,trex,iterations,trex_iters30000,False,False,finished,False,31,37.67088356018066,30000.0,3723.1525049209595,5065.0,24.6514,32.5271,0.0,30000,1,0,1000,30.0,30000.0,30000.0,3553.6607089042664,3691.8788759708405,138.2181670665741,37.67088356018066,0.9930766344070434,0.010465209255926311,0.0021571319841314105,95768.0,30000.0,30000.0,3553.6607089042664,95768.0,0.9930766344070434,30000.0,3553.6607089042664,95768.0,0.010465209255926311,30000.0,3553.6607089042664,95768.0,0.0021571319841314105,30000.0,3553.6607089042664,95768.0,,,,,,,,,,
Deformable-3DGS (Yang et al.),Deformable-3DGS,trex,target_eval_loss,trex_loss0p005793,False,False,stopped_on_target,True,24,30.15293130874634,8425.0,826.2190597057343,5065.0,21.9495,26.184,0.005793,30000,1,0,1000,30.0,9131.0,9131.0,690.9234693050385,795.1415264606476,104.21805715560913,30.04146785736084,0.9767133355140686,0.02397567261941731,0.0056806867709383365,84344.0,9131.0,8425.0,600.7295241355896,83159.0,0.9783842116594315,8425.0,600.7295241355896,83159.0,0.023578356904909014,8899.0,660.8556971549988,85269.0,0.005320579744875431,8425.0,600.7295241355896,83159.0,8425.0,8425.0,600.7295241355896,690.9716310501099,8425.0,30.15293130874634,0.9783842116594315,0.024147299584001303,0.005320579744875431,83159.0
