method,scene,batch_size,target_eval_loss,fc_total_iterations,fc_images_seen,fc_training_time_s,fc_psnr,fc_ssim,fc_lpips,fc_num_gaussians,final_total_iterations,final_training_time_s,best_psnr,final_psnr,final_ssim,final_lpips,final_eval_l1_loss,final_num_gaussians,model_storage_mb,full_folder_mb,peak_vram_mb,status,target_reached
4DGS native-4D (fudan-zvg),bouncingballs,2,0.005083,8916.0,17832.0,992.090488433838,32.80524339675903,0.9836497336626052,0.0307168844621628,119062.0,10141.0,1142.3722932338717,32.95637502670288,32.91668329238892,0.9838807076215744,0.0298587657511234,0.0050677705672569,125436.0,77.0386,483.2027,1771.0,stopped_on_target,True
4DGaussians (Wu et al.),bouncingballs,1,0.005083,5576.0,5576.0,194.5018916130066,31.336841297149657,0.981890007853508,0.0295389015227556,43507.0,6078.0,224.50842809677124,32.364567852020265,32.364567852020265,0.9830032348632812,0.0313873674720525,0.004850143881049,48071.0,24.2821,26.028,1585.0,stopped_on_target,True
Deformable-3DGS (Yang et al.),bouncingballs,1,0.005083,5636.0,5636.0,270.238783121109,32.14067888259888,0.9846430271863936,0.030790695734322,41239.0,5991.0,300.2661392688751,32.14067888259888,31.42466297149658,0.9844507604837418,0.0273331459611654,0.0047838018042966,43521.0,12.2945,15.9681,3515.0,stopped_on_target,True
4DGS native-4D (fudan-zvg),hellwarrior,1,0.005358,4836.0,4836.0,240.21802353858948,33.66022806167602,0.9532923817634582,0.0890100292861461,80189.0,6545.0,330.26595520973206,33.88154420852661,33.71695404052734,0.953313997387886,0.0843449952080845,0.0052207679953426,120075.0,73.746,458.1721,1645.0,stopped_on_target,True
4DGaussians (Wu et al.),hellwarrior,1,0.005358,4019.0,4019.0,61.01320958137512,33.36820201873779,0.9468143850564956,0.1015598710626363,4741.0,5053.0,91.01702332496644,34.97339515686035,34.97339515686035,0.955377933382988,0.0906664174050092,0.0043827742221765,5445.0,12.4428,13.4696,1547.0,stopped_on_target,True
Deformable-3DGS (Yang et al.),hellwarrior,1,0.005358,4887.0,4887.0,120.01931071281432,34.423896408081056,0.9579458683729172,0.0850714534521102,9454.0,5753.0,150.0553605556488,35.054840660095216,35.054840660095216,0.960711634159088,0.0771056100726127,0.0040189331863075,12246.0,4.8976,8.5109,3113.0,stopped_on_target,True
4DGS native-4D (fudan-zvg),hook,8,0.006253,2883.0,23064.0,875.3969252109528,31.51965789794922,0.9589796423912048,0.0500430524349212,104829.0,2994.0,905.5837428569794,31.56645174026489,31.56645174026489,0.9592937231063844,0.0496457846835255,0.0061981101520359,109036.0,66.9662,416.8517,2385.0,stopped_on_target,True
4DGaussians (Wu et al.),hook,1,0.006253,7791.0,7791.0,184.07850909233093,31.14668998718262,0.9573415845632554,0.0558463940396904,23491.0,8740.0,214.0936198234558,31.546618938446045,31.546618938446045,0.9606584072113036,0.0509952386841177,0.0057208306039683,25019.0,17.0722,19.0274,1593.0,stopped_on_target,True
Deformable-3DGS (Yang et al.),hook,1,0.006253,7941.0,7941.0,390.3977971076965,31.415509510040284,0.964695593714714,0.0444799811579287,52186.0,9595.0,540.6536478996277,31.415509510040284,30.90335092544556,0.9615158051252364,0.0406655675731599,0.0061795175657607,56317.0,15.3208,19.5974,2999.0,stopped_on_target,True
4DGS native-4D (fudan-zvg),jumpingjacks,16,0.00461,2773.0,44368.0,1519.1218283176422,31.790664768219,0.9705079078674316,0.0396057144738733,133541.0,2834.0,1549.3596498966217,31.790664768219,31.75555543899536,0.9703658431768416,0.0398565507493913,0.0046004879754036,142482.0,87.5076,541.0834,2563.0,stopped_on_target,True
4DGaussians (Wu et al.),jumpingjacks,1,0.00461,8091.0,8091.0,183.6117651462555,31.00150442123413,0.9713394731283188,0.039569932129234,19145.0,9104.0,213.63079500198364,32.12856311798096,32.12856311798096,0.9746199786663056,0.0365571069531142,0.0039747209346387,19960.0,19.3914,21.3515,1611.0,stopped_on_target,True
Deformable-3DGS (Yang et al.),jumpingjacks,1,0.00461,9567.0,9567.0,360.26488733291626,30.349819660186768,0.9743810325860978,0.0310535136144608,28124.0,10098.0,390.2987174987793,32.12286186218262,32.12286186218262,0.9774862706661224,0.0286936843767762,0.0037638307287124,28870.0,8.8293,13.2307,3689.0,stopped_on_target,True
4DGaussians (Wu et al.),lego,1,0.013466,8781.0,8781.0,307.9615242481232,24.807134056091307,0.930523720383644,0.0725494660437107,70642.0,9331.0,337.972980260849,24.876537990570068,24.876537990570068,0.9314864307641983,0.0718194030225276,0.0132163673639297,73464.0,26.7722,29.4379,1675.0,stopped_on_target,True
Deformable-3DGS (Yang et al.),lego,1,0.013466,6486.0,6486.0,571.0499124526978,25.024059295654297,0.9411141365766524,0.0552937606349587,107596.0,6672.0,601.142329454422,25.024059295654297,24.94510736465454,0.9401717215776444,0.0546067168936133,0.0134263374377042,109191.0,27.8261,31.5791,3249.0,stopped_on_target,True
4DGS native-4D (fudan-zvg),mutant,8,0.003106,5083.0,40664.0,1417.6843492984772,36.44169969558716,0.9827915906906128,0.0214391362387686,116419.0,5191.0,1447.8093192577362,36.58916454315185,36.58916454315185,0.983137634396553,0.0210763403214514,0.0030562712228856,117815.0,72.358,452.4991,2437.0,stopped_on_target,True
4DGaussians (Wu et al.),mutant,1,0.003106,11805.0,11805.0,304.0476999282837,36.38842134475708,0.9802903324365616,0.0272280677221715,28176.0,12716.0,334.07384061813354,36.88124485015869,36.88124485015869,0.9814314931631088,0.0261065616272389,0.0029399681196082,28554.0,19.6661,22.4045,1605.0,stopped_on_target,True
Deformable-3DGS (Yang et al.),mutant,1,0.003106,10235.0,10235.0,721.0193474292755,36.45288534164429,0.9857606023550034,0.0159278759732842,73974.0,10505.0,751.1251699924469,36.45288534164429,36.03418598175049,0.9859594374895096,0.0155529676470905,0.0028325021034106,74341.0,19.5837,24.0364,3513.0,stopped_on_target,True
4DGS native-4D (fudan-zvg),standup,8,0.002168,4574.0,36592.0,1265.7917494773865,37.76605033874512,0.9857092797756196,0.0195132520981132,95685.0,4690.0,1296.0473341941831,37.94307231903076,37.94307231903076,0.9858632296323776,0.0192617125343531,0.0021366308676078,97702.0,60.0053,377.1477,2437.0,stopped_on_target,True
4DGaussians (Wu et al.),standup,1,0.002168,12382.0,12382.0,303.6101622581482,37.713685035705566,0.984866201877594,0.0227636659517884,13568.0,13428.0,333.6206338405609,38.39200611114502,38.39200611114502,0.98617282807827,0.0209649381693452,0.0019800336973275,13716.0,16.1568,18.8436,1585.0,stopped_on_target,True
Deformable-3DGS (Yang et al.),standup,1,0.002168,12809.0,12809.0,510.3375375270844,37.37243461608887,0.9865058362483978,0.0166865564417094,27738.0,14494.0,600.4456169605255,39.17211990356445,39.17211990356445,0.9896876096725464,0.0137447978369891,0.0017834077356383,28430.0,8.7253,13.8663,3515.0,stopped_on_target,True
4DGS native-4D (fudan-zvg),trex,24,0.005793,3065.0,73560.0,2716.1795608997345,30.292769718170167,0.9766714036464692,0.0282246575690805,367336.0,3096.0,2746.7139959335327,30.35922660827637,30.35922660827637,0.9770933777093888,0.0276563404127955,0.0056223628111183,367336.0,225.6054,1377.1416,2689.0,stopped_on_target,True
4DGaussians (Wu et al.),trex,1,0.005793,9368.0,9368.0,275.9619038105011,29.92449140548706,0.9739668607711792,0.0337477223947644,54157.0,10033.0,305.989972114563,30.112404823303223,30.112404823303223,0.9749471783638,0.0317770260386168,0.0054689519573003,57455.0,28.2593,30.857,1649.0,stopped_on_target,True
Deformable-3DGS (Yang et al.),trex,1,0.005793,8425.0,8425.0,600.7295241355896,30.15293130874634,0.9783842116594316,0.0241472995840013,83159.0,9131.0,690.9234693050385,30.15293130874634,30.04146785736084,0.9767133355140686,0.0239756726194173,0.0056806867709383,84344.0,21.9495,26.184,5065.0,stopped_on_target,True
